Customer_Gender,(All),,,,,,,,,,,,
,,,,,,,,,,,,,
Row Labels,Sum of Revenue,Sum of Cost,Sum of Profit,,,Sum of Profit,Column Labels,,,,,,
Australia,21302059,14526029,6776030,,,Row Labels,2011,2012,2013,2014,2015,2016,Grand Total
Canada,7935738,4218442,3717296,,,Australia,710466,716091,1339820,995473,1802346,1211834,6776030
France,8432872,5552590,2880282,,,Canada,303494,319965,716152,738136,828380,811169,3717296
Germany,8978596,5618601,3359995,,,France,277373,279851,514857,521699,649297,637205,2880282
United Kingdom,10646196,6232343,4413853,,,Germany,270488,271280,555178,685189,716502,861358,3359995
United States,27975547,16901903,11073644,,,United Kingdom,303817,308917,788831,882699,1017427,1112162,4413853
Grand Total,85271008,53049908,32221100,,,United States,1015663,1055889,2044370,2040891,2514611,2402220,11073644
,,,,,,Grand Total,2881301,2951993,5959208,5864087,7528563,7035948,32221100
